response,contrast,Matrix,Recombination,Map_type,QTL,H2,estimate,SE,df,z.ratio,p.value
prediction accuracy,3 - 4,CV,20X,Chr,2,8,-0.048251956689977,0.0234565506358834,Inf,-2.05707810321276,0.0396787136184549
prediction accuracy,3 - 4,CV,20X,Peri,2,8,-0.065282697186724,0.0234565506358834,Inf,-2.78313287405761,0.00538367527553347
prediction accuracy,3 - 4,GW,20X,Peri,2,8,-0.0500660530687241,0.0234565506358833,Inf,-2.13441668580777,0.0328086869168756
prediction accuracy,3 - 4,CV,2X,Peri,2,8,-0.064982732894794,0.0234565506358834,Inf,-2.77034479210189,0.00559969808802549
prediction accuracy,3 - 4,GW,2X,Peri,2,8,-0.0489410696944547,0.0234565506358833,Inf,-2.08645637861118,0.0369373026175013
prediction accuracy,3 - 4,CV,20X,WT,2,8,-0.0496913829734311,0.0234565506358833,Inf,-2.1184437449816,0.0341375044130777
prediction accuracy,3 - 4,GW,20X,WT,2,8,-0.0783048124357459,0.0234565506358833,Inf,-3.33829187638343,0.000842951521977609
prediction accuracy,3 - 4,CV,2X,WT,2,8,-0.0532909449655534,0.0234565506358834,Inf,-2.27190032297545,0.0230925314013177
prediction accuracy,3 - 4,GW,2X,WT,2,8,-0.0822444616733995,0.0234565506358834,Inf,-3.50624705866102,0.000454473163645372
